{
"acc_off_x" : -79,
"acc_off_y" : -127,
"acc_off_z" : -230,
"acc_scale_x" : 9361.859532,
"acc_scale_y" : 9965.899358,
"acc_scale_z" : 9958.921094,

"magn_off_x" : -276,
"magn_off_y" : 270,
"magn_off_z" : -102,
"magn_scale_x" : 383.388747,
"magn_scale_y" : 419.015187,
"magn_scale_z" : 477.517047
}
